"Date","EvapMM","Sunshine","MaxWindSpeed","Temp9am","RelHumid9am","Cloud9am","WindSpeed9am","Pressure9am","Temp3pm","RelHumid3pm","Cloud3pm","WindSpeed3pm","Pressure3pm","ChangeTemp","ChangeTempDir","ChangeTempMag","ChangeWindDirect","MaxWindPeriod","RainToday","TempRange","PressureChange","RISK_MM","RainTomorrow"
"2007-11-6",5.8,8.2,44,10.9,70,7,20,1023.8,14.8,57,5,24,1021.7,3.9,"up","small","s","lateAM",0,10.7,"down",0.2,0
"2007-11-7",4.2,8.4,43,12.4,63,4,19,1024.6,17.3,47,6,26,1022.2,4.9,"up","small","s","earlyPM",0,12.1,"down",0,0
"2007-11-8",5.6,4.6,41,12.1,65,6,11,1026.2,15.5,57,7,24,1024.2,3.4,"up","small","s","earlyPM",0,8.7,"down",0,0
"2007-11-9",4,4.1,48,14.1,70,7,19,1026.1,18.9,48,7,17,1022.7,4.8,"up","small","s","earlyPM",0,10.7,"down",16.2,1
"2007-11-10",5.4,7.7,31,13.3,82,7,7,1024.1,21.7,32,1,6,1020.7,8.4,"up","large","s","latePM",1,14.4,"down",0,0
"2007-11-11",4.2,11.9,30,14.6,74,1,6,1024.4,24,34,2,9,1021.1,9.4,"up","large","l","earlyPM",0,16.1,"down",0.2,0
"2007-11-12",7.2,12.5,41,16.8,54,0,2,1023.8,26,35,3,15,1019.9,9.2,"up","large","l","latePM",0,18.8,"down",0,0
"2007-11-13",7.2,13,30,17,62,0,6,1022,27.1,29,1,7,1017.1,10.1,"up","large","l","earlyPM",0,17.8,"down",0,0
"2007-11-14",6.2,12.4,44,19.7,67,1,7,1017.3,30.7,20,4,20,1013.1,11,"up","large","s","earlyPM",0,18.8,"down",0,0
"2007-11-15",8.8,13.1,41,18.7,45,0,6,1018.2,30.4,16,1,20,1013.7,11.7,"up","large","s","earlyPM",0,21.1,"down",0,0
"2007-11-16",8.4,11.1,46,19.1,70,0,7,1017.9,30.7,22,3,9,1012.8,11.6,"up","large","l","earlyPM",0,19.7,"down",0,0
"2007-11-17",7.2,8.4,44,20.2,72,7,6,1014.4,29.8,23,6,19,1009.8,9.6,"up","large","s","earlyPM",0,17.4,"down",1.2,1
"2007-11-18",7.2,10.1,52,20.1,59,1,6,1016.4,28.6,26,5,11,1013,8.5,"up","large","l","earlyPM",1,18.3,"down",0.6,0
"2007-11-19",7.4,13,39,20.2,60,1,4,1017.1,31.2,25,3,17,1013.3,11,"up","large","l","latePM",0,19.9,"down",0,0
"2007-11-20",8,10.4,33,22.8,61,0,2,1018.5,32,27,1,13,1013.7,9.2,"up","large","n","latePM",0,17.8,"down",0,0
"2007-11-21",8.8,9.5,59,22.2,60,1,2,1012.4,32.8,26,5,31,1006.5,10.6,"up","large","s","earlyPM",0,18.1,"down",0.4,0
"2007-11-22",9.2,0,26,16.5,88,8,6,1010.7,18.3,72,8,11,1008.9,1.8,"up","small","s","lateAM",0,3,"down",25.8,1
"2007-11-23",2.8,0.6,28,14,91,8,13,1014,16.8,79,8,13,1014.9,2.8,"up","small","s","latePM",1,5.7,"up",0.4,0
"2007-11-24",1.2,7.5,26,17.8,74,7,6,1020.7,22.8,57,5,9,1019.2,5,"up","small","l","lateAM",0,12.3,"down",0,0
"2007-11-25",4.4,8.1,33,16.8,85,8,9,1022.4,27.3,31,2,15,1018.6,10.5,"up","large","l","earlyPM",0,13,"down",0,0
"2007-11-26",6.8,8.9,41,19.8,65,2,6,1019.7,25.1,48,4,22,1016.5,5.3,"up","small","n","earlyPM",0,11.3,"down",0.2,0
"2007-11-27",6.6,2.3,39,16.5,70,7,20,1021,21.2,55,7,17,1018.6,4.7,"up","small","n","earlyPM",0,8.9,"down",0,0
"2007-11-28",4.4,10.7,52,18.8,61,5,6,1019.2,26.7,31,7,11,1014.8,7.9,"up","large","l","latePM",0,15.1,"down",0,0
"2007-11-29",7,0.4,39,18.9,69,7,7,1019,19.7,80,7,17,1017.1,0.8,"up","small","n","earlyPM",0,9.2,"down",0.4,0
"2007-11-30",2.6,0.5,30,17.3,83,8,6,1017.2,23.2,49,7,6,1013.3,5.9,"up","small","s","earlyPM",0,10.5,"down",0,0
"2007-12-6",6,6.3,39,18.6,78,8,13,1018.8,24.5,54,7,9,1016.1,5.9,"up","small","n","latePM",0,10.5,"down",0,0
"2007-12-7",4.2,8.8,41,21.5,70,6,6,1014.5,22.6,74,7,6,1011.5,1.10000000000000,"up","small","s","earlyPM",0,8.6,"down",4,1
"2007-12-8",4.2,8.8,39,18,76,8,7,1014.8,26.3,42,1,13,1011.4,8.3,"up","large","s","latePM",1,11.7,"down",0,0
"2007-12-9",6.6,11.1,43,20.6,78,7,9,1010.8,28.6,24,7,24,1008.5,8,"up","large","s","lateAM",0,14.4,"down",0,0
"2007-12-10",10.4,10,35,19.3,58,7,11,1011.7,22.9,37,7,6,1010.4,3.6,"up","small","s","earlyPM",0,9.9,"down",0.6,0
"2007-12-11",4.8,2.3,35,13.8,60,8,9,1018,16.4,63,6,15,1017.4,2.6,"up","small","s","earlyPM",0,6.7,"down",0,0
"2007-12-12",4.2,7.3,41,15.7,66,7,15,1021.1,19.4,51,5,24,1019.6,3.7,"up","small","s","earlyPM",0,9.8,"down",0,0
"2007-12-13",5,3.6,39,15.8,70,7,22,1021.9,19.2,49,7,20,1019.3,3.4,"up","small","s","lateAM",0,10.7,"down",0,0
"2007-12-14",4.4,12.7,35,15.8,63,1,6,1018.1,25,37,2,11,1012.5,9.2,"up","large","s","latePM",0,18.2,"down",0,0
"2007-12-15",6.8,8.8,41,17.4,63,1,2,1012.6,29.1,36,8,13,1010.2,11.7,"up","large","l","earlyPM",0,19.8,"down",5.4,1
"2007-12-16",6.4,0.9,31,16.6,93,8,6,1010.1,20,86,8,7,1008.6,3.4,"up","small","l","earlyPM",1,5.6,"down",1.4,1
"2007-12-17",2.8,10.6,48,15.3,59,1,13,1017.6,20.8,40,4,20,1016.8,5.5,"up","small","s","earlyPM",1,10.9,"down",0,0
"2007-12-18",6.6,8.7,39,15.3,61,6,13,1020.6,19.8,43,7,20,1018.3,4.5,"up","small","s","earlyPM",0,13.4,"down",0,0
"2007-12-19",6.4,0.8,22,16.1,72,8,7,1018,20,54,8,6,1015.6,3.9,"up","small","s","earlyPM",0,8.2,"down",3.4,1
"2007-12-20",1.6,2.3,30,15.3,97,8,4,1015.8,20.4,74,7,13,1014.1,5.1,"up","small","s","earlyPM",1,10.5,"down",6.4,1
"2007-12-21",1.8,8.1,41,21,81,2,6,1012.9,28.2,48,7,22,1008.3,7.2,"up","small","n","latePM",1,14.7,"down",11,1
"2007-12-22",4.4,5.9,76,20.6,92,8,41,996.5,19.6,62,3,30,996.8,-1,"down","small","s","lateAM",1,2.1,"up",17.4,1
"2007-12-23",7.8,10.2,39,14.9,59,1,9,1009.5,18.8,49,7,20,1009.1,3.9,"up","small","n","earlyPM",1,11.2,"down",0,0
"2007-12-24",6.2,12.1,44,15,69,6,7,1012.8,22.5,43,4,13,1009.7,7.5,"up","large","s","earlyPM",0,12,"down",3.4,1
"2007-12-25",8.2,5.6,41,12.4,67,8,11,1020.4,21,52,3,11,1019.1,8.6,"up","large","s","earlyPM",1,10.4,"down",0,0
"2007-12-26",5.2,13,41,15.3,63,1,6,1023.2,23.9,35,1,19,1018,8.6,"up","large","s","earlyPM",0,16.5,"down",0,0
"2007-12-27",7.2,7.1,65,19.8,68,7,7,1017.3,19,64,7,48,1014.3,-0.8,"down","small","s","earlyPM",0,12.4,"down",14.4,1
"2007-12-28",8.8,13.2,28,18.3,73,1,6,1016.8,27.4,44,5,13,1013.4,9.1,"up","large","s","earlyPM",1,13.2,"down",0,0
"2007-12-29",6.6,13.6,30,21.5,65,0,6,1017.1,30.3,30,2,7,1014.2,8.8,"up","large","s","earlyPM",0,17.2,"down",0,0
"2007-12-30",9.6,13,39,23.4,55,1,6,1017.4,34.3,18,1,22,1015,10.9,"up","large","s","earlyPM",0,19.6,"down",0,0
"2007-12-31",11.4,13.6,31,21.9,44,0,7,1019.2,32.2,20,1,9,1015.6,10.3,"up","large","l","latePM",0,19.7,"down",0,0
"2008-01-6",6.6,10.5,39,18.9,77,1,6,1006.6,31.9,34,1,19,1003.3,13,"up","large","s","latePM",0,19.8,"down",0,0
"2008-01-7",9,12.6,39,20.8,60,1,11,1012.3,31.3,36,1,11,1009.5,10.5,"up","large","l","latePM",0,17.4,"down",0,0
"2008-01-8",10,8.1,46,18.1,77,7,7,1015.7,28,44,1,9,1013.4,9.9,"up","large","s","latePM",0,13.8,"down",0,0
"2008-01-9",6.6,8.8,43,19.3,74,8,13,1018.5,27.9,45,1,11,1015.9,8.6,"up","large","s","latePM",0,12.4,"down",0,0
"2008-01-10",6.6,12.8,33,21.3,64,1,6,1017.8,32.2,25,1,11,1013.3,10.9,"up","large","s","latePM",0,19.5,"down",0,0
"2008-01-11",9.4,13.3,57,24.7,56,0,6,1011.8,34.5,24,1,19,1006.5,9.8,"up","large","s","latePM",0,18.3,"down",0,0
"2008-01-12",13.8,6.9,50,23.6,61,7,4,1007.6,34,28,2,17,1003,10.4,"up","large","l","earlyPM",0,14.8,"down",2,1
"2008-01-13",9,13.5,52,23,65,2,6,1004,31.8,35,3,24,1001.8,8.8,"up","large","s","earlyPM",1,16.8,"down",0,0
"2008-01-14",12.4,6,50,17,70,8,13,1012.3,21.6,57,6,19,1012.3,4.6,"up","small","s","latePM",0,6.8,"steady",0,0
"2008-01-15",5.2,11.1,35,18,70,7,7,1014.2,31.7,26,1,15,1009,13.7,"up","large","l","earlyPM",0,18.4,"down",0,0
"2008-01-16",10.4,8.4,59,24.5,58,6,15,1008.5,23.5,62,7,20,1006.1,-1,"down","small","s","earlyPM",0,15.3,"down",4.8,1
"2008-01-17",6.4,11.6,46,17.1,62,1,20,1016.8,23.9,42,1,28,1015,6.8,"up","small","n","earlyPM",1,9.9,"down",0,0
"2008-01-18",9.6,0.1,39,17.8,63,8,17,1017.5,19.4,55,8,19,1015.8,1.60000000000000,"up","small","n","lateAM",0,5.3,"down",18.8,1
"2008-01-19",5,0,33,18,92,8,9,1008.7,18.6,88,8,13,1006,0.600000000000001,"up","small","l","earlyPM",1,4.3,"down",12.2,1
"2008-01-20",1.4,8.1,50,19.4,80,7,19,1004.9,21.9,71,8,28,1004,2.5,"up","small","s","earlyPM",1,7.5,"down",0.8,0
"2008-01-21",5.6,1.6,48,17.4,73,8,17,1011.4,18.6,58,7,22,1012.1,1.20000000000000,"up","small","s","earlyPM",0,4,"up",0,0
"2008-01-22",4.4,11.6,33,14.7,55,1,11,1018.7,22.2,46,2,7,1016.8,7.5,"up","large","s","latePM",0,12.5,"down",0,0
"2008-01-23",5.8,10.8,28,16.2,60,1,7,1021.6,22.7,38,4,7,1019.2,6.5,"up","small","s","earlyPM",0,14.5,"down",0,0
"2008-01-24",6.4,9.9,35,17,64,3,6,1021.3,26.3,29,6,11,1018.1,9.3,"up","large","s","earlyPM",0,17.5,"down",0,0
"2008-01-25",6.8,8.2,41,17.6,67,7,9,1020.1,24.6,32,7,17,1016.9,7,"up","small","s","latePM",0,10.3,"down",0,0
"2008-01-26",7.4,9,28,18.3,70,1,4,1016.5,28.3,28,5,7,1012.4,10,"up","large","l","earlyPM",0,16.1,"down",0,0
"2008-01-27",6.6,11.6,46,19.7,71,1,4,1013.1,30.7,28,4,26,1009.5,11,"up","large","s","earlyPM",0,18.1,"down",0,0
"2008-01-28",9.4,13.2,44,22.4,60,0,4,1013.9,32.1,18,1,24,1012,9.7,"up","large","s","earlyPM",0,17.9,"down",0,0
"2008-01-29",10.4,11.8,46,19.8,72,1,6,1017.4,32.3,22,1,11,1014.6,12.5,"up","large","s","latePM",0,16,"down",0,0
"2008-01-30",9.2,9.9,69,22.2,68,1,6,1018,33.1,29,6,13,1013.7,10.9,"up","large","s","latePM",0,16.9,"down",5.2,1
"2008-01-31",10.2,3.6,39,21.4,66,7,13,1014.6,26.3,49,8,13,1012.8,4.9,"up","small","s","latePM",1,10.2,"down",1,0
"2008-02-6",2.8,8,52,18.7,77,4,6,1002.1,26.5,41,7,24,997.5,7.8,"up","large","s","earlyPM",0,13.8,"down",0,0
"2008-02-7",6.8,5.9,61,17.9,76,7,11,999.4,20.3,76,7,20,998.9,2.4,"up","small","s","earlyPM",0,9.7,"down",16.2,1
"2008-02-8",5.4,5.6,41,13.6,75,7,7,1007.6,18.7,58,7,20,1005,5.1,"up","small","n","earlyPM",1,7.5,"down",0,0
"2008-02-9",4,8.9,33,13.8,65,6,15,1007.7,18.7,51,6,17,1006.8,4.9,"up","small","n","lateAM",0,10.5,"down",0,0
"2008-02-10",5.8,9.6,41,14,66,1,17,1013.6,21.4,37,7,13,1011.4,7.4,"up","large","l","latePM",0,14,"down",0,0
"2008-02-11",5,10.7,31,14.6,74,1,7,1016.1,24.2,34,5,13,1011.7,9.6,"up","large","s","latePM",0,17.1,"down",4.4,1
"2008-02-12",6.6,5.9,48,15.8,95,8,9,1010.8,22.6,60,5,17,1006.8,6.8,"up","small","s","earlyPM",1,9.7,"down",11,1
"2008-02-13",3.2,0.4,30,16.3,81,7,13,1010,16.8,73,8,15,1011,0.5,"up","small","n","latePM",1,5.6,"up",0.2,0
"2008-02-14",2.8,12.7,33,13.7,63,1,11,1017.5,22,37,1,9,1015.1,8.3,"up","large","s","latePM",0,15.6,"down",0,0
"2008-02-15",5.6,12.6,35,15,69,1,7,1020.2,24.3,32,1,7,1016.7,9.3,"up","large","s","latePM",0,14.4,"down",0,0
"2008-02-16",7.2,12.6,39,15.3,71,1,7,1022.9,24.7,40,1,19,1020,9.4,"up","large","s","earlyPM",0,14.9,"down",0,0
"2008-02-17",7.4,10.2,46,15.4,64,7,9,1025.2,22.5,46,1,13,1021.4,7.1,"up","small","s","earlyPM",0,12,"down",0,0
"2008-02-18",6.8,11.7,31,17.2,72,5,7,1021.3,24.1,42,4,11,1017.4,6.9,"up","small","l","latePM",0,15,"down",0,0
"2008-02-19",5.6,12.1,33,16.9,69,1,6,1017.6,26.1,38,2,15,1012.8,9.2,"up","large","s","latePM",0,15.7,"down",0,0
"2008-02-20",7.2,8.2,39,17.4,78,2,2,1012.2,28.6,31,7,9,1009.1,11.2,"up","large","l","latePM",0,16.9,"down",1.8,1
"2008-02-21",7.8,3.8,50,17.5,88,7,4,1011.8,24,56,7,7,1008.4,6.5,"up","small","s","earlyPM",1,8.5,"down",6.6,1
"2008-02-22",3.2,8.6,50,16.5,78,5,NA,1008.3,27.4,42,5,28,1002.3,10.9,"up","large","c","earlyPM",1,15.9,"down",0,0
"2008-02-23",7.8,12.4,46,15.7,57,1,20,1007.4,24.5,32,1,26,1005.4,8.8,"up","large","n","latePM",0,12.4,"down",0,0
"2008-02-24",10.4,12.4,44,15.1,54,0,15,1007.9,22.9,34,1,30,1007.2,7.8,"up","large","s","lateAM",0,11.8,"down",0,0
"2008-02-25",5.2,10.2,44,15.8,70,6,9,1016.4,24.3,35,2,7,1014.3,8.5,"up","large","l","earlyPM",0,14.4,"down",0,0
"2008-02-26",5,11.6,44,17.4,74,3,4,1017.6,27,27,6,17,1014.4,9.6,"up","large","s","earlyPM",0,15.2,"down",0,0
"2008-02-27",7.8,8.1,48,17.6,74,2,NA,1013.6,26.8,25,6,30,1009.1,9.2,"up","large","c","earlyPM",0,15.9,"down",0,0
"2008-02-28",7.6,0.8,48,15.7,74,7,13,1010,15.3,78,7,13,1009.9,-0.399999999999999,"down","small","s","latePM",0,2.5,"down",10.4,1
"2008-02-29",5.2,12,48,10.6,58,5,24,1015.5,16.8,34,1,17,1014.5,6.2,"up","small","n","lateAM",1,10.7,"down",0,0
"2008-03-6",6,11.3,41,17.4,76,2,6,1023.9,30,24,3,9,1019.3,12.6,"up","large","s","earlyPM",0,18.9,"down",0,0
"2008-03-7",8.4,7.5,50,17.5,56,0,NA,1021.6,27.7,34,7,9,1017.7,10.2,"up","large","c","earlyPM",0,18.4,"down",3,1
"2008-03-8",4.8,11.5,24,14,79,1,6,1024.7,24.9,39,7,9,1020.7,10.9,"up","large","l","lateAM",1,17.9,"down",0,0
"2008-03-9",5,11.5,41,17.8,66,0,7,1024.8,27,33,1,11,1023.1,9.2,"up","large","l","earlyPM",0,15.7,"down",0,0
"2008-03-10",6.6,11.2,24,17.2,74,1,6,1024.9,30.1,28,1,9,1020.4,12.9,"up","large","l","earlyPM",0,19.2,"down",0,0
"2008-03-11",6.4,8.5,46,20.2,50,0,11,1022.8,32.7,18,3,7,1019.3,12.5,"up","large","s","earlyPM",0,20.8,"down",0.2,0
"2008-03-12",7.8,11,44,17.5,80,2,6,1021.6,30.7,23,5,28,1017.6,13.2,"up","large","l","earlyPM",0,18.4,"down",0,0
"2008-03-13",8.6,9.7,39,16.1,91,7,7,1020.9,31.7,18,1,7,1017.7,15.6,"up","large","l","earlyPM",0,19.9,"down",0,0
"2008-03-14",7.2,11.3,22,17.9,57,0,9,1022.6,32.7,15,1,13,1019.1,14.8,"up","large","l","earlyPM",0,21.5,"down",0,0
"2008-03-15",6.4,11.2,48,21.4,47,5,7,1022.5,34.1,15,2,4,1019.3,12.7,"up","large","s","earlyPM",0,21.4,"down",0,0
"2008-03-16",9.4,11.4,28,18.2,44,5,4,1024.3,30.5,17,2,6,1020.7,12.3,"up","large","l","earlyPM",0,21,"down",0,0
"2008-03-17",7.8,11.2,33,17.7,73,1,9,1024.3,28.8,22,0,13,1020.6,11.1,"up","large","l","latePM",0,18.5,"down",0,0
"2008-03-18",5.8,10.7,43,16.8,76,0,0,1022.7,29.2,30,1,19,1018.8,12.4,"up","large","c","lateAM",0,17.4,"down",0,0
"2008-03-19",9,9.8,31,19.7,59,1,4,1022.1,24.5,48,4,15,1018.7,4.8,"up","small","l","lateAM",0,11.1,"down",0,0
"2008-03-20",5.2,8,46,17.1,76,7,0,1013.8,27.6,35,7,26,1009.4,10.5,"up","large","c","lateAM",0,17.8,"down",0,0
"2008-03-21",8.2,0,30,13.3,77,7,9,1017.4,13.9,62,8,17,1019.3,0.6,"up","small","n","latePM",0,1.8,"up",0,0
"2008-03-22",2.8,1.6,33,14,71,7,6,1023.6,17.9,64,8,17,1021.8,3.9,"up","small","s","lateAM",0,8,"down",0,0
"2008-03-23",2.4,6.2,30,15.5,76,7,6,1023.2,24.2,44,6,7,1019.3,8.7,"up","large","l","latePM",0,12.1,"down",0.6,0
"2008-03-24",4.8,1.9,28,17.1,89,8,6,1018.7,21.1,68,7,19,1015.4,4,"up","small","l","earlyAM",0,6.9,"down",6.4,1
"2008-03-25",2.8,0,43,16.4,94,8,11,1010.2,16.6,93,8,20,1006.5,0.200000000000003,"up","small","n","earlyPM",1,4.3,"down",19.8,1
"2008-03-26",2.6,9.1,46,15.1,76,5,17,1007.9,17.4,50,4,20,1008.4,2.3,"up","small","s","earlyPM",1,7.6,"up",0,0
"2008-03-27",4.6,9.6,33,8.4,80,1,7,1014.8,17.4,36,2,17,1012.6,9,"up","large","l","earlyPM",0,13.9,"down",0,0
"2008-03-28",3.6,11,31,9.2,78,1,7,1017.4,17.2,35,3,19,1015,8,"up","large","l","earlyPM",0,13.8,"down",0,0
"2008-03-29",3.4,10,57,8.8,90,6,9,1015.1,18.2,30,6,22,1011.3,9.4,"up","large","s","earlyPM",0,11.4,"down",0,0
"2008-03-30",6.4,10.8,50,11.2,60,3,6,1011.2,18.1,34,2,31,1009.3,6.9,"up","small","s","earlyPM",0,14.7,"down",0,0
"2008-03-31",6.4,10,57,13.1,54,2,19,1012.7,16.5,42,5,26,1013,3.4,"up","small","s","lateAM",0,9.2,"up",0,0
"2008-04-6",2.8,9.3,35,12.9,70,1,7,1028,20.8,35,5,11,1024.1,7.9,"up","large","l","latePM",0,15.9,"down",0,0
"2008-04-7",3.8,7.8,31,14.9,66,1,11,1027.8,19.5,48,5,11,1024,4.6,"up","small","s","earlyPM",0,12.4,"down",0,0
"2008-04-8",4.2,4.1,39,13.8,68,5,15,1028.2,17.8,45,4,9,1025.4,4,"up","small","s","earlyPM",0,12,"down",0,0
"2008-04-9",2.8,6.8,17,14.3,69,6,9,1025.7,18.6,49,4,6,1021.8,4.3,"up","small","l","lateAM",0,13.9,"down",0,0
"2008-04-10",2.2,9.5,26,14,82,1,4,1023.1,22.2,28,1,6,1019.2,8.2,"up","large","s","latePM",0,15.7,"down",0,0
"2008-04-11",3.4,10.2,39,12.7,72,0,2,1021,22.4,29,1,7,1016.9,9.7,"up","large","l","lateAM",0,16.3,"down",0,0
"2008-04-12",4.6,6.1,35,11.5,75,7,6,1019.2,23.7,32,3,11,1015.8,12.2,"up","large","s","earlyPM",0,18,"down",2,1
"2008-04-13",3.2,7.7,39,10.7,96,5,13,1018.4,19.1,56,2,15,1013.8,8.4,"up","large","l","earlyPM",1,12.7,"down",5.2,1
"2008-04-14",3.8,9.3,31,12.4,70,1,9,1020.8,17.9,40,1,20,1019.6,5.5,"up","small","n","earlyPM",1,12.4,"down",0,0
"2008-04-15",3.2,10.8,28,12.3,66,1,7,1027.2,20.4,36,2,9,1023.9,8.1,"up","large","s","lateAM",0,15.3,"down",0,0
"2008-04-16",3.4,10.6,31,12.6,65,1,9,1027.9,18.8,39,1,13,1024.4,6.2,"up","small","s","lateAM",0,13,"down",0,0
"2008-04-17",4.6,6.3,26,12,77,7,7,1027.2,20.4,44,2,7,1023.3,8.4,"up","large","l","earlyPM",0,15.7,"down",0,0
"2008-04-18",3.2,8.3,48,14,58,3,17,1027.3,19.1,43,6,11,1024.1,5.1,"up","small","s","earlyPM",0,11.8,"down",0,0
"2008-04-19",3,4.9,35,13.6,69,6,13,1029.5,15.2,51,7,22,1027.4,1.6,"up","small","s","lateAM",0,7.7,"down",0,0
"2008-04-20",4.4,7.1,33,13.5,66,4,11,1028.2,15.6,65,7,30,1024.2,2.1,"up","small","s","earlyPM",0,10.6,"down",0,0
"2008-04-21",2.8,10.1,30,10.6,77,1,9,1024.8,19.8,34,2,7,1021,9.2,"up","large","s","earlyPM",0,18.2,"down",0,0
"2008-04-22",3.8,8,33,12.5,79,7,13,1025.8,17.7,49,6,22,1023.5,5.2,"up","small","s","earlyPM",0,13.3,"down",0,0
"2008-04-23",4,6.8,26,12.6,74,6,0,1025.5,18.1,43,5,7,1022.2,5.5,"up","small","c","latePM",0,11.5,"down",0,0
"2008-04-24",2,7.9,28,9.2,82,4,7,1023.7,17.6,55,4,9,1019.8,8.4,"up","large","s","earlyPM",0,18.7,"down",0,0
"2008-04-25",2,8.9,22,10.1,84,7,0,1019.9,20.6,42,6,7,1014.3,10.5,"up","large","c","earlyPM",0,15.9,"down",0.2,0
"2008-04-26",2.8,6.5,44,7.9,99,7,2,1011.9,20.2,34,7,20,1006.7,12.3,"up","large","l","earlyPM",0,17.9,"down",0,0
"2008-04-27",5.8,5.8,59,14.4,68,6,26,1003.2,16.6,51,6,31,997.7,2.2,"up","small","s","earlyPM",0,10.8,"down",7.2,1
"2008-04-28",4.4,5.6,57,7.1,75,3,26,1006.3,8.8,60,6,22,1008.1,1.7,"up","small","n","earlyPM",1,7,"up",0.2,0
"2008-04-29",1.8,9.5,22,6.3,69,0,0,1020.6,13.2,40,1,9,1019.6,6.9,"up","small","c","earlyPM",0,15.9,"down",0,0
"2008-04-30",1.4,7,28,5.3,80,1,2,1024.2,13.9,40,7,19,1020.5,8.6,"up","large","s","earlyPM",0,16.6,"down",0,0
"2008-05-6",2.8,3,41,12.5,70,7,7,1018,15.4,53,7,26,1013.8,2.9,"up","small","s","earlyPM",0,9.3,"down",0,0
"2008-05-7",3.4,9.4,43,12.4,73,1,17,1015.8,16.5,43,1,30,1013.5,4.1,"up","small","s","earlyPM",0,9.3,"down",0,0
"2008-05-8",4.4,9.4,24,6.7,80,1,0,1021.4,16.9,44,1,9,1018.9,10.2,"up","large","c","earlyPM",0,18.3,"down",0,0
"2008-05-9",2.2,9.2,17,7.6,78,0,2,1023.2,20.7,36,1,9,1020.3,13.1,"up","large","s","earlyPM",0,20.9,"down",0,0
"2008-05-10",2.4,9.3,20,8.4,80,1,2,1023.2,20.9,41,1,9,1020,12.5,"up","large","s","earlyPM",0,19.4,"down",0,0
"2008-05-11",2,1.6,20,13.5,80,7,6,1024.4,17.2,52,7,11,1021.5,3.7,"up","small","l","earlyPM",0,9.1,"down",0,0
"2008-05-12",2.2,7.7,24,12.1,73,7,4,1024.2,18.8,47,1,15,1020.3,6.7,"up","small","l",NA,0,9.8,"down",0,0
"2008-05-13",2.2,9.4,30,7.9,87,1,7,1024.7,18.6,34,2,15,1021.4,10.7,"up","large","l","earlyPM",0,17.7,"down",0,0
"2008-05-14",2,9.2,31,8.5,84,1,NA,1024.4,17.8,44,3,20,1021,9.3,"up","large","c","earlyPM",0,16.4,"down",0,0
"2008-05-15",2.4,8.7,33,6.8,80,1,2,1023.5,17.7,40,2,20,1018.7,10.9,"up","large","s","earlyPM",0,18.3,"down",1.8,1
"2008-05-16",3,4.3,35,10,88,7,9,1017.7,15.2,69,7,15,1013.7,5.2,"up","small","s","earlyPM",1,11.5,"down",1,0
"2008-05-17",1.8,1.7,52,11.3,68,7,30,1006.3,7.3,78,7,24,1005.9,-4,"down","large","s","lateAM",0,4.4,"down",0.8,0
"2008-05-18",1.6,8.8,41,7.9,71,6,13,1008.4,13.3,53,6,26,1008.3,5.4,"up","small","s","earlyPM",0,9.8,"down",0,0
"2008-05-19",2.2,9.3,52,3.5,85,1,0,1017.8,16.7,36,1,24,1014.3,13.2,"up","large","c","earlyPM",0,20.8,"down",0,0
"2008-05-20",2.2,5.6,31,3.8,99,8,6,1021.9,16.2,52,1,24,1018.6,12.4,"up","large","l","earlyPM",0,16.7,"down",0,0
"2008-05-21",2.6,7.3,24,8,81,6,2,1024.5,16.6,47,2,7,1022.9,8.6,"up","large","l","earlyPM",0,13.6,"down",0,0
"2008-05-22",2.6,9.2,20,5.9,74,1,7,1030.4,13.8,43,1,6,1026,7.9,"up","large","s","earlyAM",0,12.3,"down",0,0
"2008-05-23",2.4,6.7,17,5.3,81,7,11,1028.5,14.5,49,1,6,1024.8,9.2,"up","large","s","lateAM",0,13.6,"down",0,0
"2008-05-24",1.2,8.9,17,6.5,74,0,6,1026.7,13.9,43,1,6,1023.5,7.4,"up","large","s","earlyAM",0,13.3,"down",0,0
"2008-05-25",1.6,8.4,39,6.2,81,1,6,1025.5,17.2,48,5,15,1021.8,11,"up","large","l","latePM",0,17.8,"down",3.8,1
"2008-05-26",2,5.1,22,7,99,7,6,1026.6,17.9,50,4,6,1023.1,10.9,"up","large","s","earlyAM",1,13.8,"down",5.2,1
"2008-05-27",1.2,8.5,22,8.9,93,1,0,1025.7,17.7,55,1,13,1022.3,8.8,"up","large","c","earlyPM",1,13.2,"down",0,0
"2008-05-28",1.6,8.2,20,6.2,91,1,0,1027.2,16.3,50,4,6,1024.7,10.1,"up","large","c","earlyPM",0,15.4,"down",0.2,0
"2008-05-29",1.2,8.5,20,5.5,92,2,7,1032.1,17.3,45,1,7,1029.6,11.8,"up","large","l","earlyPM",0,15.3,"down",0,0
"2008-05-30",2,8.6,NA,5.6,83,1,2,1033.2,17.4,46,1,15,1028.7,11.8,"up","large","s",NA,0,18.1,"down",0,0
"2008-05-31",2.2,8.9,22,4.7,84,2,0,1030.2,18.2,38,3,7,1027.4,13.5,"up","large","c","earlyPM",0,19.4,"down",0,0
"2008-06-6",1.6,9,22,9.6,74,1,11,1025.2,16.2,42,1,4,1022.1,6.6,"up","small","l","lateAM",0,12.3,"down",0,0
"2008-06-7",1.4,9,28,4.9,86,1,4,1027.6,14.5,42,1,11,1027,9.6,"up","large","l","earlyPM",0,15.7,"down",0,0
"2008-06-8",2,3,30,7.9,76,7,6,1034.3,13,70,7,13,1031.7,5.1,"up","small","s","earlyPM",0,10.2,"down",0,0
"2008-06-9",1.2,NA,30,12.1,75,7,6,1031.4,14.5,65,7,19,1027.9,2.4,"up","small","l","earlyAM",0,8.9,"down",6.2,1
"2008-06-10",2.2,0,31,10.3,97,8,2,1027.8,11.6,94,8,0,1024.3,1.3,"up","small","c","lateAM",1,5.1,"down",4.8,1
"2008-06-11",0.2,0.5,46,12.9,90,7,22,1022.9,13.7,65,7,17,1022.1,0.799999999999999,"up","small","s","earlyAM",1,4.8,"down",0.2,0
"2008-06-12",1.2,8.5,43,11.2,86,1,15,1023.7,14.7,48,1,24,1019.7,3.5,"up","small","s","earlyPM",0,9.1,"down",0.6,0
"2008-06-13",3.2,7.1,54,8.8,82,4,19,1013.7,11.1,58,2,28,1014.1,2.3,"up","small","s","lateAM",0,4.3,"up",0,0
"2008-06-14",2.2,7.2,48,6.5,73,4,7,1025.7,11,49,1,24,1025.6,4.5,"up","small","l","lateAM",0,10.8,"down",0,0
"2008-06-15",2.6,8.2,43,9,72,1,24,1029,13.8,57,2,26,1026.3,4.8,"up","small","s","lateAM",0,12.6,"down",0,0
"2008-06-16",2.6,5.9,26,9.5,78,7,17,1027.8,16,51,2,9,1024.8,6.5,"up","small","s","lateAM",0,10.5,"down",0,0
"2008-06-17",1.6,5.8,20,9.4,80,7,7,1028.6,14.9,58,1,7,1025.5,5.5,"up","small","l","earlyPM",0,10.1,"down",0,0
"2008-06-18",1,4.7,13,4,97,5,6,1026.7,15,70,7,9,1023.5,11,"up","large","s","earlyPM",0,15.1,"down",0,0
"2008-06-19",0.6,2,17,8.4,95,8,6,1022.5,14.8,63,7,7,1019.7,6.4,"up","small","s","earlyAM",0,11.9,"down",4.8,1
"2008-06-20",0.6,0,26,9.7,91,8,6,1021.2,11.3,86,7,7,1019.2,1.6,"up","small","n","lateAM",1,3.3,"down",0.6,0
"2008-06-21",0.8,7.7,41,4.2,99,3,6,1023,12.1,59,6,19,1021,7.9,"up","large","l","earlyPM",0,13.5,"down",0,0
"2008-06-22",1.4,7.6,33,8.8,74,5,9,1026.4,12.5,44,4,9,1025.7,3.7,"up","small","l","earlyAM",0,9.8,"down",0,0
"2008-06-23",2,6.8,24,5.5,92,7,7,1025.1,12.3,53,7,15,1022.1,6.8,"up","small","s","lateAM",0,12,"down",0,0
"2008-06-24",1.4,4.1,41,4.3,95,8,2,1028.2,11.7,69,6,28,1024.2,7.4,"up","large","l","latePM",0,12.2,"down",0,0
"2008-06-25",2,9,46,7.8,75,3,0,1026.3,11.3,54,1,28,1021.9,3.5,"up","small","c","earlyPM",0,8.3,"down",0,0
"2008-06-26",2.6,6.5,63,7,81,6,20,1018.7,11.5,48,1,28,1020.4,4.5,"up","small","s","earlyPM",0,5.5,"up",0,0
"2008-06-27",3.4,8.9,35,6.7,71,1,7,1027.8,12.7,51,1,24,1025,6,"up","small","s","earlyPM",0,10.8,"down",0,0
"2008-06-28",2.2,8,15,2.1,90,4,6,1029.1,14.5,41,3,9,1026,12.4,"up","large","s","earlyPM",0,16.3,"down",0,0
"2008-06-29",1.4,6.1,31,6.5,84,7,6,1024.6,14.6,38,6,22,1020.9,8.1,"up","large","l","earlyPM",0,14.8,"down",0,0
"2008-06-30",2.4,6.4,70,9.7,53,1,22,1017.2,12.9,68,7,28,1010.2,3.2,"up","small","s","earlyPM",0,14.9,"down",0,0
"2008-07-6",1.2,7.1,41,3.7,86,5,2,1030,13.6,59,5,22,1026.3,9.9,"up","large","s","earlyPM",0,14.6,"down",0.8,0
"2008-07-7",1.4,0.2,35,6.3,99,7,0,1024.4,8.6,96,8,13,1021.1,2.3,"up","small","c","earlyPM",0,8.1,"down",16.8,1
"2008-07-8",1.4,6.5,35,5.5,93,6,0,1021.6,7.4,72,6,15,1019.6,1.9,"up","small","c","lateAM",1,6.6,"down",0,0
"2008-07-9",0.8,2.8,39,1.8,95,7,9,1020,8,68,6,15,1016.8,6.2,"up","small","n","latePM",0,10.1,"down",0,0
"2008-07-10",1.8,1.2,65,6,83,7,31,1014.6,6.9,85,7,35,1010.5,0.9,"up","small","n","earlyPM",0,6.9,"down",1.6,1
"2008-07-11",1.4,7.7,59,5.5,76,7,20,1016.7,7.1,66,3,31,1018.2,1.6,"up","small","s","earlyAM",1,5.5,"up",0.2,0
"2008-07-12",1.4,6.5,20,0.8,87,1,2,1027.1,9.9,54,7,7,1022.7,9.1,"up","large","l","earlyAM",0,13.7,"down",0,0
"2008-07-13",1,0.9,31,2.8,92,7,0,1024.4,10.7,69,7,15,1021.9,7.9,"up","large","c","lateAM",0,10.5,"down",0,0
"2008-07-14",0.6,8.9,41,6.7,93,5,7,1021.8,15.9,51,1,22,1019,9.2,"up","large","l","earlyPM",0,13.8,"down",0,0
"2008-07-15",1.8,5.2,28,3.9,83,1,NA,1023,13.3,46,7,17,1020.1,9.4,"up","large","c","earlyPM",0,15.3,"down",0.2,0
"2008-07-16",2,1.9,17,2.7,99,7,6,1024.1,12.1,62,7,9,1020.8,9.4,"up","large","l","earlyPM",0,13.7,"down",0,0
"2008-07-17",0.6,4.7,41,1.3,99,7,0,1019.7,11,55,3,24,1013.9,9.7,"up","large","c","latePM",0,13.3,"down",0,0
"2008-07-18",0.8,5.6,46,7.7,75,3,24,1010.8,8.2,73,5,33,1009.4,0.499999999999999,"up","small","s","earlyPM",0,9.3,"down",1.2,1
"2008-07-19",2.2,8.1,35,6,71,1,15,1016.7,10.7,48,3,22,1014.9,4.7,"up","small","s","earlyPM",1,9.2,"down",0.2,0
"2008-07-20",1.8,0,41,2.4,92,7,0,1014.4,8.7,87,8,6,1009,6.3,"up","small","c","latePM",0,12.1,"down",19.2,1
"2008-07-21",1.8,7.5,54,7.6,78,7,26,1006.9,11.2,56,3,31,1010.3,3.6,"up","small","n","lateAM",1,9.3,"up",0,0
"2008-07-22",1.4,9.2,39,3.4,68,1,2,1025.7,11,33,1,28,1025.8,7.6,"up","large","l","earlyPM",0,13.8,"up",0,0
"2008-07-23",1.6,7.7,26,3.6,76,1,6,1033.5,10.1,48,5,11,1031.1,6.5,"up","small","l","earlyPM",0,14.7,"down",0,0
"2008-07-24",1.6,8.4,30,3.7,82,3,7,1032.2,10.8,51,5,13,1027.4,7.1,"up","small","s","earlyPM",0,13.2,"down",0,0
"2008-07-25",1.2,8.1,31,1.4,92,2,7,1025.7,12.3,25,1,13,1020.9,10.9,"up","large","n","earlyPM",0,15,"down",0.2,0
"2008-07-26",2.2,5.9,33,1.2,88,7,2,1020,10.9,50,7,19,1015.3,9.7,"up","large","l","earlyPM",0,13.3,"down",0,0
"2008-07-27",1.4,1.9,28,1,92,7,6,1013.8,7.8,66,7,13,1010,6.8,"up","small","s","earlyPM",0,12,"down",1.4,1
"2008-07-28",0.8,9.1,59,5.6,74,2,28,1014.1,9.6,56,4,37,1014.9,4,"up","small","s","earlyPM",1,12.3,"up",0,0
"2008-07-29",1.8,8.6,NA,6.5,69,3,19,1020.9,11.2,49,1,22,1016.8,4.7,"up","small","n",NA,0,11.4,"down",0,0
"2008-07-30",2.6,8.7,31,2.7,84,1,0,1018.3,11.5,48,1,15,1014.6,8.8,"up","large","c",NA,0,15,"down",0,0
"2008-07-31",2.2,6.8,48,3,81,1,0,1017.3,12.8,38,7,26,1012.9,9.8,"up","large","c","earlyPM",0,16.9,"down",4,1
"2008-08-6",1.6,8.3,48,8.9,67,5,30,1018.2,13.6,48,1,22,1017.6,4.7,"up","small","s","lateAM",1,9.3,"down",0,0
"2008-08-7",3,5,41,3.8,89,7,7,1018.4,5.7,78,7,26,1015.9,1.9,"up","small","l","earlyPM",0,11.7,"down",1.2,1
"2008-08-8",1.4,7.2,43,7.6,69,6,6,1019.8,11.3,62,2,30,1019.1,3.7,"up","small","s","earlyPM",1,9.4,"down",0,0
"2008-08-9",1.8,7.3,43,5.6,76,1,6,1022.4,8.1,70,6,24,1019,2.5,"up","small","s","earlyPM",0,12.5,"down",0.4,0
"2008-08-10",2.4,4.7,50,3.3,92,8,30,1014.8,5.1,68,6,24,1012.6,1.8,"up","small","n","earlyPM",0,11.1,"down",0.4,0
"2008-08-11",1.4,9.9,39,4.7,72,1,9,1017.4,8.3,60,1,30,1016.6,3.6,"up","small","s","earlyPM",0,9.6,"down",0,0
"2008-08-12",1.8,7.9,59,7,69,1,22,1021.3,8.6,63,6,24,1020.1,1.6,"up","small","s","lateAM",0,10.3,"down",0,0
"2008-08-13",2.8,9.8,44,6.5,58,1,20,1024.2,10.4,41,1,30,1022.4,3.9,"up","small","s","earlyPM",0,9.9,"down",0,0
"2008-08-14",3.4,9.4,59,6.2,59,1,28,1022.2,9.5,45,1,39,1018.2,3.3,"up","small","s","earlyPM",0,8.6,"down",0,0
"2008-08-15",4.4,8.4,52,9.2,54,1,28,1014.7,12,51,3,33,1012.4,2.8,"up","small","s","earlyPM",0,10.1,"down",0,0
"2008-08-16",3,10,46,8.7,52,1,24,1012.7,13.5,27,1,28,1011.8,4.8,"up","small","s","earlyPM",0,10.5,"down",0,0
"2008-08-17",4,10.4,30,4.5,59,0,9,1023.3,10.8,35,1,17,1022,6.3,"up","small","l","earlyPM",0,12.9,"down",0,0
"2008-08-18",3,6.8,48,1.4,89,6,7,1025.2,11.2,30,7,30,1021.8,9.8,"up","large","s","earlyPM",0,15.9,"down",0,0
"2008-08-19",2.2,7.9,33,0.1,94,6,4,1029.6,12.2,47,6,20,1025.6,12.1,"up","large","s","earlyPM",0,18.4,"down",0,0
"2008-08-20",2.4,4.7,39,7.9,60,7,13,1027.3,12.4,36,7,24,1024.4,4.5,"up","small","s","earlyPM",0,14,"down",0,0
"2008-08-21",3,1.8,46,8.6,50,8,15,1021.4,13.2,27,8,30,1017.8,4.6,"up","small","s","lateAM",0,11.7,"down",0,0
"2008-08-22",2.6,7,59,6.9,66,8,15,1018.5,10.7,44,5,26,1016.8,3.8,"up","small","n","latePM",0,12.8,"down",0,0
"2008-08-23",5.4,9.5,54,6.7,49,1,30,1025.9,11.1,38,1,17,1025.5,4.4,"up","small","s","lateAM",0,9.3,"down",0,0
"2008-08-24",2.6,10.4,22,5.2,64,0,2,1031,14,28,0,11,1028,8.8,"up","large","s","earlyPM",0,18.1,"down",0,0
"2008-08-25",2.6,7.8,31,5.3,82,7,7,1030.2,12.8,34,6,19,1024.4,7.5,"up","large","l","earlyPM",0,15.1,"down",0,0
"2008-08-26",2.8,9,48,4.8,77,5,0,1023.9,15.8,23,7,26,1020.3,11,"up","large","c","earlyPM",0,18.8,"down",0,0
"2008-08-27",3,NA,30,7.9,57,1,9,1027.7,14.4,23,1,13,1025.5,6.5,"up","small","s","earlyPM",0,18.4,"down",0,0
"2008-08-28",3.4,9.9,30,7.2,60,1,6,1029.9,12.3,43,5,15,1025.9,5.1,"up","small","s","earlyPM",0,14.8,"down",0,0
"2008-08-29",3.4,5.9,28,7.3,74,7,0,1027.6,14.6,45,6,20,1022.9,7.3,"up","large","c","earlyPM",0,16.4,"down",0,0
"2008-08-30",1.8,4.1,39,6.2,81,7,4,1023.7,15.4,45,8,6,1017.5,9.2,"up","large","s","latePM",0,15.8,"down",4,1
"2008-08-31",2.2,2.4,59,13.5,89,7,24,1011.2,12.6,85,7,15,1010.4,-0.9,"down","small","s","earlyPM",1,11.1,"down",0,0
"2008-09-6",1.8,2.9,35,10,63,7,19,1019.7,15.7,33,7,24,1016.2,5.7,"up","small","n","earlyPM",0,9.8,"down",0,0
"2008-09-7",2.8,8.6,35,6.4,84,7,7,1018.1,15.5,33,7,22,1013.9,9.1,"up","large","s","earlyPM",0,17.6,"down",1,0
"2008-09-8",2.4,9.4,31,7.2,79,1,0,1020.6,15.3,37,1,11,1018.2,8.1,"up","large","c","latePM",0,15.3,"down",0,0
"2008-09-9",3.4,10.9,43,5.5,53,0,9,1025.8,13.4,25,0,22,1020.9,7.9,"up","large","l","earlyAM",0,18.4,"down",0,0
"2008-09-10",4,9.7,30,6.3,62,1,6,1022.8,14.9,35,2,20,1017.9,8.6,"up","large","s","earlyPM",0,17.9,"down",0,0
"2008-09-11",3,9.9,31,6,68,1,4,1018.8,16.3,20,1,20,1013.9,10.3,"up","large","s","lateAM",0,19.1,"down",0,0
"2008-09-12",5,9.9,48,11.9,44,7,9,1014.6,21.5,27,5,26,1010.9,9.6,"up","large","s","earlyPM",0,22.1,"down",0,0
"2008-09-13",5.6,10.2,50,17.5,47,3,20,1015.3,25.1,31,1,26,1011.4,7.6,"up","large","s","earlyPM",0,16.5,"down",9.8,1
"2008-09-14",8.8,6,67,16.7,71,7,39,1007.3,18.2,43,1,30,1006,1.5,"up","small","s","lateAM",1,6.3,"down",1.6,1
"2008-09-15",5.2,8,98,15.6,63,3,31,1009.1,18.5,33,6,52,1001.5,2.9,"up","small","s","earlyPM",1,11,"down",3.4,1
"2008-09-16",6.6,11,65,7.1,53,3,26,1017,12.2,33,1,31,1017.6,5.1,"up","small","n","earlyPM",1,9.3,"up",0,0
"2008-09-17",5.6,9,20,7.4,69,7,6,1026.7,13.7,43,1,7,1022.1,6.3,"up","small","l","earlyPM",0,13.4,"down",0,0
"2008-09-18",1.6,8.6,39,7,82,4,2,1021,17.8,36,1,28,1015.6,10.8,"up","large","n","earlyPM",0,16.9,"down",0,0
"2008-09-19",3.6,10.3,44,16.4,54,1,9,1016.4,22.4,30,1,28,1011.7,6,"up","small","s","lateAM",0,18.2,"down",0,0
"2008-09-20",6.8,10.9,65,18.3,46,1,15,1012.5,21.3,15,0,41,1010.9,3,"up","small","s","earlyPM",0,15.8,"down",0,0
"2008-09-21",10,11,46,14.5,42,1,13,1018.7,18.3,25,0,33,1015.1,3.8,"up","small","s","earlyPM",0,14.8,"down",0,0
"2008-09-22",6.8,5.2,80,15.9,51,1,2,1012.1,21,50,8,20,1006.5,5.1,"up","small","l","earlyPM",0,18.7,"down",17.4,1
"2008-09-23",6.4,7.9,50,8,73,7,15,1016.7,14.3,44,1,22,1017.8,6.3,"up","small","s","earlyAM",1,8.4,"up",0,0
"2008-09-24",2.2,11.3,31,10.7,67,1,4,1030.5,16.5,33,1,6,1027.7,5.8,"up","small","s","latePM",0,14.9,"down",0,0
"2008-09-25",2.6,11.1,31,11,70,1,4,1032.2,18.1,32,1,13,1026.9,7.1,"up","small","l","earlyPM",0,15.5,"down",0,0
"2008-09-26",3.6,10.6,44,15.4,48,2,20,1025.4,20,35,6,26,1020.6,4.6,"up","small","s","earlyPM",0,18.4,"down",0,0
"2008-09-27",4.8,10.5,50,15.9,62,5,2,1022.8,24.7,25,1,24,1016.4,8.8,"up","large","s","earlyPM",0,19.2,"down",0,0
"2008-09-28",9.4,11.1,52,20.4,36,1,31,1010.5,23,25,1,30,1009.9,2.6,"up","small","n","earlyPM",0,9.9,"down",0,0
"2008-09-29",9.6,9.4,44,14.9,41,2,6,1015.2,16,32,7,22,1013.9,1.1,"up","small","l","earlyPM",0,14,"down",0,0
"2008-09-30",4.8,11.4,41,9.8,52,2,6,1019.8,16.3,34,1,28,1017,6.5,"up","small","n","earlyPM",0,14.5,"down",0,0
"2008-10-6",4.8,8.4,65,12.8,65,5,24,1009.5,16.2,40,4,33,1005.3,3.4,"up","small","s","earlyPM",0,6.8,"down",8.2,1
"2008-10-7",5.4,11.8,57,6.9,68,1,11,1016.8,14.6,45,1,28,1013.3,7.7,"up","large","s","earlyPM",1,15.7,"down",0,0
"2008-10-8",5.8,11.5,44,7.2,72,0,2,1019.1,16.6,33,1,26,1017.5,9.4,"up","large","s","earlyPM",0,17.4,"down",0,0
"2008-10-9",6.2,11.5,31,8.1,69,0,2,1026.2,18.8,22,1,9,1024.2,10.7,"up","large","l","earlyPM",0,19.5,"down",0,0
"2008-10-10",4.4,11,41,10,82,1,6,1028.8,21.4,25,2,19,1024.9,11.4,"up","large","s","earlyPM",0,17.4,"down",0,0
"2008-10-11",5.4,11.2,31,13.6,70,1,2,1027.8,20.6,30,3,17,1023.8,7,"up","small","l","earlyPM",0,14.2,"down",0,0
"2008-10-12",4.8,11.7,30,12.6,67,0,4,1025.8,22.3,27,4,11,1021.5,9.7,"up","large","s","earlyPM",0,19.4,"down",0,0
"2008-10-13",6.2,7.5,70,16.3,56,4,6,1020.9,23.2,47,7,33,1016,6.9,"up","small","s","earlyPM",0,19.4,"down",13.2,1
"2008-10-14",6.6,NA,41,14.5,82,7,7,1019.2,19.4,61,3,24,1016.7,4.9,"up","small","s","earlyPM",1,9.2,"down",0.6,0
"2008-10-15",3.4,10.4,31,11.6,71,7,4,1022.3,18.4,42,4,7,1019.7,6.8,"up","small","l","latePM",0,10.4,"down",0,0
"2008-10-16",4.2,12.2,28,9.6,73,1,2,1025.7,19.2,30,1,9,1022.3,9.6,"up","large","s","earlyPM",0,16.6,"down",0,0
"2008-10-17",6.2,12,52,11.6,73,6,0,1024.5,21.9,34,1,26,1020.7,10.3,"up","large","c","earlyPM",0,19.1,"down",0,0
"2008-10-18",5.4,8.6,43,12.7,80,1,4,1025.7,23.7,31,7,20,1022.2,11,"up","large","s","earlyPM",0,18,"down",0,0
"2008-10-19",5.8,9.8,46,16.8,66,1,2,1024.1,27.4,30,6,26,1019.8,10.6,"up","large","s","earlyPM",0,20.2,"down",0.2,0
"2008-10-20",7.6,12.1,52,16.4,60,1,6,1021.4,26.3,20,1,31,1017.5,9.9,"up","large","l","earlyPM",0,16.1,"down",0,0
"2008-10-21",9,6.2,39,11.4,54,7,11,1022.3,18.5,28,5,11,1018.6,7.1,"up","small","s","latePM",0,11.6,"down",0.8,0
"2008-10-22",4.8,11.7,70,8.3,43,1,35,1023.4,14.3,24,5,37,1023.1,6,"up","small","n","lateAM",0,11.6,"down",0,0
"2008-10-23",7.4,12.2,48,9.1,47,1,26,1026.6,16.3,25,2,15,1022.8,7.2,"up","small","s","latePM",0,14.8,"down",0,0
"2008-10-24",5.4,8.4,39,9.4,71,3,2,1023.2,19.1,29,8,17,1018.4,9.7,"up","large","l","earlyPM",0,19.8,"down",0,0
"2008-10-25",5.2,10.8,43,12,57,0,4,1018.8,24.8,16,3,19,1014.6,12.8,"up","large","s","earlyPM",0,22.2,"down",0,0
"2008-10-26",6.8,3.5,43,16.3,45,5,0,1017.6,25.9,20,8,19,1014.2,9.6,"up","large","c","lateAM",0,18.2,"down",0,0
"2008-10-27",7.6,12.1,76,20.4,38,1,7,1016.1,30,15,3,50,1010.8,9.6,"up","large","l","earlyPM",0,21.7,"down",0,0
"2008-10-28",11.6,12.7,48,17.2,45,0,2,1020,28.2,22,1,19,1016.9,11,"up","large","n","earlyPM",0,21.3,"down",0,0
"2008-10-29",8.4,5.3,43,14.5,63,3,11,1024,18.3,47,2,9,1022.8,3.8,"up","small","n","lateAM",0,7.4,"down",0,0
"2008-10-30",5,7.1,46,15.8,69,6,6,1021,25.9,39,7,28,1016.2,10.1,"up","large","s","earlyPM",0,14.4,"down",0,0
"2008-10-31",6,12.6,78,23.8,43,1,31,1009.6,28.6,13,1,35,1009.2,4.8,"up","small","s","lateAM",0,17.9,"down",0,0
"2008-11-6",5.4,12.4,57,15.1,52,7,2,1010.1,24.6,29,3,33,1006.7,9.5,"up","large","l","earlyPM",0,19.1,"down",0,0
"2008-11-7",8.6,0,26,12.6,72,8,6,1014,20.7,42,8,11,1009.6,8.1,"up","large","s","earlyPM",0,13.1,"down",8.4,1
"2008-11-8",2.8,3.7,54,15.1,70,8,28,1003.1,16.4,42,7,30,1005.1,1.3,"up","small","n","lateAM",1,5.9,"up",0,0
"2008-11-9",5.4,13.1,33,13.6,67,1,4,1017.5,21.9,28,1,13,1016.7,8.3,"up","large","s","earlyPM",0,16.6,"down",0,0
"2008-11-10",6.6,10.5,33,15.8,67,7,4,1024.1,25.2,29,1,9,1020.2,9.4,"up","large","l","latePM",0,14.8,"down",0,0
"2008-11-11",6.6,12.3,28,16.3,64,1,11,1023.3,25.8,17,6,13,1018.3,9.5,"up","large","s","earlyPM",0,16,"down",0,0
"2008-11-12",7.8,11.6,39,18.4,59,5,2,1019.2,28.9,19,3,11,1014.9,10.5,"up","large","l","latePM",0,19.3,"down",0,0
"2008-11-13",7.6,10.9,33,18.8,65,3,7,1018.6,29.3,17,6,22,1013.5,10.5,"up","large","s","earlyPM",0,19,"down",0,0
"2008-11-14",8.2,9.8,61,23.8,35,7,13,1013.9,31.9,21,6,30,1009.5,8.1,"up","large","s","earlyPM",0,18.6,"down",3.2,1
"2008-11-15",11.2,11.6,48,20.1,47,3,15,1012.7,27.1,17,3,30,1011.1,7,"up","small","s","earlyPM",1,11.6,"down",0,0
"2008-11-16",10.2,12.3,52,15.9,53,2,6,1015.8,23.2,19,1,11,1013.1,7.3,"up","large","s","earlyPM",0,17.2,"down",0,0
"2008-11-17",8,12.1,52,13.4,54,6,7,1019.1,22.1,22,1,9,1014.1,8.7,"up","large","l","earlyPM",0,15,"down",0,0
"2008-11-18",8.2,2,26,17.3,57,7,4,1015.5,21.5,44,8,2,1011.5,4.2,"up","small","s","earlyPM",0,9.7,"down",0,0
"2008-11-19",2.6,1.4,24,18,67,7,13,1010.4,21.2,64,8,6,1006.9,3.2,"up","small","s","earlyAM",0,7.4,"down",11.6,1
"2008-11-20",1,7.7,54,16.9,75,7,30,1000.4,17.8,84,7,20,998.5,0.900000000000002,"up","small","n","earlyPM",1,8.2,"down",0.4,0
"2008-11-21",5.4,11.2,50,15.9,49,1,20,1000.8,20.3,34,7,28,997.3,4.4,"up","small","n","earlyPM",0,12.7,"down",3,1
"2008-11-22",10,6.3,67,8.8,62,4,22,991.5,11.3,49,7,33,990.2,2.5,"up","small","n","earlyPM",1,6,"down",13.8,1
"2008-11-23",6.6,4.2,70,8.8,77,7,17,987.4,15,53,7,37,993.9,6.2,"up","small","s","lateAM",1,11,"up",3,1
"2008-11-24",3.6,10.1,44,14.7,45,3,20,1004.3,21.1,30,6,7,1003.8,6.4,"up","small","l","earlyAM",1,13.4,"down",0,0
"2008-11-25",6.4,10.7,39,14.1,46,7,15,1014.9,18.6,37,6,13,1013.6,4.5,"up","small","n","earlyPM",0,9.2,"down",0,0
"2008-11-26",5,6.6,31,12.3,67,8,9,1015.7,19.4,49,4,13,1011.6,7.1,"up","small","s","earlyPM",0,12.1,"down",0,0
"2008-11-27",4.8,8.7,52,15.1,69,2,7,1012.3,26.4,33,1,17,1006.7,11.3,"up","large","s","earlyPM",0,18.1,"down",9.2,1
"2008-11-28",7.6,5,70,18.9,78,7,2,1004.9,25.6,49,8,17,1000.8,6.7,"up","small","l","earlyPM",1,12.7,"down",15.4,1
"2008-11-29",5.6,10.3,48,18.6,60,3,13,1002.3,22.6,37,5,30,1001.6,4,"up","small","s","earlyPM",1,9.1,"down",3.4,1
"2008-11-30",6.6,13.6,48,15.4,58,3,20,1009.3,20.6,31,1,31,1007.4,5.2,"up","small","n","earlyPM",1,13.2,"down",0,0
"2008-12-6",6.4,9.4,50,20.5,50,6,0,1008.1,28.2,19,6,28,1005,7.7,"up","large","c","lateAM",0,15.9,"down",0,0
"2008-12-7",12.4,12.3,57,20.9,33,2,24,1007.6,25.3,10,1,28,1006.2,4.4,"up","small","s","earlyPM",0,10.1,"down",0,0
"2008-12-8",12.8,12.9,50,15.7,62,7,6,1013.2,25,19,1,22,1008.8,9.3,"up","large","s","earlyPM",0,14.5,"down",0,0
"2008-12-9",8,8.1,54,18.1,61,6,11,1010.1,27.7,9,7,28,1005.1,9.6,"up","large","s","earlyPM",0,19.6,"down",0,0
"2008-12-10",10.8,8.8,41,18.3,59,7,15,1007.3,22.3,46,7,20,1007.4,4,"up","small","s","earlyPM",0,8.4,"up",0,0
"2008-12-11",6.6,6.6,44,15.9,69,7,15,1012.8,21.6,44,6,24,1012,5.7,"up","small","n","earlyPM",0,9.4,"down",4.6,1
"2008-12-12",6.2,0,22,13.3,91,8,2,1012.9,14.8,90,8,11,1006.9,1.5,"up","small","s","earlyAM",1,9.2,"down",55.4,1
"2008-12-13",3.6,10.2,83,21.3,58,3,35,993.9,20.1,53,6,48,993.2,-1.2,"down","large","s","latePM",1,9.8,"down",0,0
"2008-12-14",9.2,5.8,48,15,56,6,26,996.9,18.5,47,6,30,997.4,3.5,"up","small","n","lateAM",0,7.4,"up",0,0
"2008-12-15",6.6,12.9,43,15.2,47,3,17,1007.1,22,34,3,28,1006.4,6.8,"up","small","l","latePM",0,12.6,"down",0,0
"2008-12-16",7,13.3,46,14.9,64,1,2,1011.9,24.2,29,1,31,1009.4,9.3,"up","large","s","earlyPM",0,17.4,"down",0,0
"2008-12-17",9.6,4.5,50,18.8,55,6,4,1011,16.8,87,7,30,1008.6,-2,"down","large","l","earlyPM",0,14.4,"down",7.8,1
"2008-12-18",3.8,9.3,72,17.6,73,2,9,1004.6,24.4,33,4,33,1001.1,6.8,"up","small","s","earlyPM",1,12.2,"down",0.6,0
"2008-12-19",6.8,12.9,50,15.2,44,2,20,1005.9,19.2,35,2,15,1006.7,4,"up","small","l","latePM",0,12.7,"up",0,0
"2008-12-20",8.4,12.6,35,13.3,53,1,11,1018.5,19.3,34,6,9,1017,6,"up","small","s","earlyPM",0,14,"down",0,0
"2008-12-21",5.8,13.1,39,14.7,59,1,9,1020.5,23.5,25,1,11,1016.5,8.8,"up","large","s","earlyPM",0,15.3,"down",0,0
"2008-12-22",NA,12.6,41,16.6,62,2,2,1016.9,27.6,30,5,26,1011.7,11,"up","large","l","earlyPM",0,18.1,"down",4.2,1
"2008-12-23",NA,4.9,48,18.3,84,7,6,1011,23.3,56,7,15,1008.4,5,"up","small","n","earlyPM",1,9.9,"down",15,1
"2008-12-24",6.8,1.4,26,15.3,81,8,9,1013.2,19,70,8,17,1011.6,3.7,"up","small","s","latePM",1,6.7,"down",0,0
"2008-12-25",2.4,11.5,39,17.2,73,1,6,1013.8,26.6,30,2,13,1011.1,9.4,"up","large","l","latePM",0,18.2,"down",0,0
"2008-12-26",6.8,11,46,18.1,77,7,4,1013.2,29.2,23,1,17,1009.6,11.1,"up","large","s","earlyPM",0,16.6,"down",0,0
"2008-12-27",9.8,4.1,72,22.2,63,7,0,1009,22.8,67,7,7,1006.1,0.600000000000001,"up","small","c","lateAM",0,13.8,"down",33,1
"2008-12-28",9.2,12.5,48,20.1,79,7,20,1007,28.9,34,3,26,1002.8,8.8,"up","large","s","earlyPM",1,16.5,"down",0,0
"2008-12-29",8.2,12.5,54,20.5,51,6,0,1004,26.4,30,3,31,1001.9,5.9,"up","small","c","lateAM",0,15.8,"down",0,0
